120,-580
120.268,-580.111
121.34,-580.557
121.608,-580.669
122.145,-580.892
122.681,-581.114
123.217,-581.337
123.753,-581.56
124.289,-581.783
124.826,-582.006
125.362,-582.229
125.898,-582.452
126.434,-582.675
126.97,-582.898
127.506,-583.121
128.043,-583.343
128.579,-583.566
129.115,-583.789
129.651,-584.012
130.187,-584.235
130.723,-584.458
131.26,-584.681
131.796,-584.904
132.332,-585.127
132.868,-585.35
133.404,-585.572
133.94,-585.795
133.851,-585.758
133.851,-585.758
133.851,-585.758
133.851,-585.758
133.851,-585.758
133.851,-585.758
133.851,-585.758
133.851,-585.758
133.851,-585.758
133.851,-585.758
133.851,-585.758
133.851,-585.758
133.851,-585.758
133.851,-585.758
133.851,-585.758
133.851,-585.758
133.851,-585.758
133.851,-585.758
133.851,-585.758
133.851,-585.758
133.851,-585.758
133.851,-585.758
133.851,-585.758
133.851,-585.758
133.851,-585.758
133.851,-585.758
133.851,-585.758
133.851,-585.758
133.851,-585.758
133.851,-585.758
133.851,-585.758
133.851,-585.758
133.851,-585.758
133.851,-585.758
133.851,-585.758
133.851,-585.758
133.851,-585.758
133.851,-585.758
133.851,-585.758
133.851,-585.758
133.851,-585.758
133.851,-585.758
133.851,-585.758
133.851,-585.758
133.851,-585.758
133.851,-585.758
133.851,-585.758
133.851,-585.758
133.851,-585.758
133.851,-585.758
133.851,-585.758
133.851,-585.758
133.851,-585.758
133.851,-585.758
133.851,-585.758
133.851,-585.758
133.851,-585.758
133.851,-585.758
133.851,-585.758
133.851,-585.758
133.851,-585.758
133.851,-585.758
133.851,-585.758
133.851,-585.758
133.851,-585.758
133.851,-585.758
133.851,-585.758
133.851,-585.758
133.851,-585.758
133.851,-585.758
133.851,-585.758
133.851,-585.758
133.851,-585.758
133.851,-585.758
133.851,-585.758
133.851,-585.758
133.851,-585.758
133.851,-585.758
133.851,-585.758
133.851,-585.758
133.851,-585.758
133.851,-585.758
133.851,-585.758
133.851,-585.758
133.851,-585.758
133.851,-585.758
133.851,-585.758
133.851,-585.758
133.851,-585.758
133.851,-585.758
133.851,-585.758
133.851,-585.758
133.851,-585.758
133.851,-585.758
133.851,-585.758
133.851,-585.758
133.851,-585.758
133.851,-585.758
133.851,-585.758
133.851,-585.758
133.851,-585.758
133.851,-585.758
133.851,-585.758
133.851,-585.758
133.851,-585.758
133.851,-585.758
133.851,-585.758
133.851,-585.758
133.851,-585.758
133.851,-585.758
133.851,-585.758
133.851,-585.758
133.851,-585.758
133.851,-585.758
133.851,-585.758
133.851,-585.758
133.851,-585.758
133.851,-585.758
133.851,-585.758
133.851,-585.758
133.851,-585.758
133.851,-585.758
133.851,-585.758
133.851,-585.758
133.851,-585.758
133.851,-585.758
133.851,-585.758
133.851,-585.758
133.851,-585.758
133.851,-585.758
133.851,-585.758
133.851,-585.758
133.851,-585.758
133.851,-585.758
133.851,-585.758
133.851,-585.758
133.851,-585.758
133.851,-585.758
133.851,-585.758
133.418,-586.144
132.984,-586.53
132.551,-586.916
132.117,-587.303
131.684,-587.689
131.25,-588.075
130.817,-588.462
130.383,-588.848
129.95,-589.234
129.516,-589.62
129.083,-590.007
128.649,-590.393
128.215,-590.779
127.782,-591.166
127.348,-591.552
126.915,-591.938
126.481,-592.324
126.048,-592.711
125.614,-593.097
125.181,-593.483
124.747,-593.87
124.314,-594.256
123.88,-594.642
124.129,-594.42
124.129,-594.42
124.129,-594.42
124.129,-594.42
124.129,-594.42
124.129,-594.42
124.129,-594.42
124.129,-594.42
124.129,-594.42
124.129,-594.42
124.129,-594.42
124.129,-594.42
124.129,-594.42
124.129,-594.42
124.129,-594.42
124.129,-594.42
124.129,-594.42
124.129,-594.42
124.129,-594.42
124.129,-594.42
124.129,-594.42
124.129,-594.42
124.129,-594.42
124.129,-594.42
124.129,-594.42
124.129,-594.42
124.129,-594.42
124.129,-594.42
124.129,-594.42
124.129,-594.42
124.129,-594.42
124.129,-594.42
124.129,-594.42
124.129,-594.42
124.129,-594.42
124.129,-594.42
124.129,-594.42
124.129,-594.42
124.129,-594.42
124.129,-594.42
124.129,-594.42
124.129,-594.42
124.129,-594.42
124.129,-594.42
124.129,-594.42
124.129,-594.42
124.129,-594.42
124.129,-594.42
124.129,-594.42
124.129,-594.42
124.129,-594.42
124.129,-594.42
124.129,-594.42
124.129,-594.42
124.129,-594.42
124.129,-594.42
124.129,-594.42
124.129,-594.42
124.129,-594.42
124.129,-594.42
124.129,-594.42
124.129,-594.42
124.129,-594.42
124.129,-594.42
124.129,-594.42
124.129,-594.42
124.129,-594.42
124.129,-594.42
124.129,-594.42
124.129,-594.42
124.129,-594.42
124.129,-594.42
124.129,-594.42
124.129,-594.42
124.129,-594.42
124.129,-594.42
124.129,-594.42
124.129,-594.42
124.129,-594.42
124.129,-594.42
124.129,-594.42
124.129,-594.42
124.129,-594.42
124.129,-594.42
124.129,-594.42
124.129,-594.42
124.129,-594.42
124.129,-594.42
124.129,-594.42
124.129,-594.42
124.129,-594.42
124.129,-594.42
124.129,-594.42
124.129,-594.42
124.129,-594.42
124.129,-594.42
124.129,-594.42
124.129,-594.42
124.129,-594.42
124.129,-594.42
124.129,-594.42
124.129,-594.42
124.129,-594.42
124.129,-594.42
124.129,-594.42
124.129,-594.42
124.129,-594.42
124.129,-594.42
124.129,-594.42
124.623,-594.115
125.117,-593.81
125.611,-593.504
126.105,-593.199
126.599,-592.893
127.092,-592.588
127.586,-592.282
128.08,-591.977
128.574,-591.672
129.068,-591.366
129.561,-591.061
130.055,-590.755
130.549,-590.45
131.043,-590.145
131.537,-589.839
131.058,-590.135
131.058,-590.135
131.058,-590.135
131.058,-590.135
131.058,-590.135
131.058,-590.135
131.058,-590.135
131.058,-590.135
131.058,-590.135
131.058,-590.135
131.058,-590.135
131.058,-590.135
131.058,-590.135
131.058,-590.135
131.058,-590.135
131.058,-590.135
131.058,-590.135
131.058,-590.135
131.058,-590.135
131.058,-590.135
131.058,-590.135
131.058,-590.135
131.058,-590.135
131.058,-590.135
131.058,-590.135
131.058,-590.135
131.058,-590.135
131.058,-590.135
131.058,-590.135
131.058,-590.135
131.058,-590.135
131.058,-590.135
131.058,-590.135
131.058,-590.135
131.058,-590.135
131.058,-590.135
131.058,-590.135
131.058,-590.135
131.058,-590.135
131.058,-590.135
131.058,-590.135
131.058,-590.135
131.058,-590.135
131.058,-590.135
131.058,-590.135
131.058,-590.135
131.058,-590.135
131.058,-590.135
131.058,-590.135
131.058,-590.135
131.058,-590.135
131.058,-590.135
131.058,-590.135
131.058,-590.135
131.058,-590.135
131.058,-590.135
131.058,-590.135
131.058,-590.135
131.058,-590.135
131.058,-590.135
131.058,-590.135
131.058,-590.135
131.058,-590.135
131.058,-590.135
131.058,-590.135
131.058,-590.135
131.058,-590.135
131.058,-590.135
131.058,-590.135
131.058,-590.135
131.058,-590.135
131.058,-590.135
131.058,-590.135
131.058,-590.135
131.058,-590.135
131.058,-590.135
131.058,-590.135
131.058,-590.135
131.058,-590.135
131.058,-590.135
131.058,-590.135
131.058,-590.135
131.058,-590.135
131.058,-590.135
131.058,-590.135
131.058,-590.135
131.058,-590.135
131.058,-590.135
131.058,-590.135
131.058,-590.135
131.058,-590.135
131.058,-590.135
131.058,-590.135
131.058,-590.135
131.058,-590.135
131.058,-590.135
131.058,-590.135
131.058,-590.135
131.058,-590.135
131.058,-590.135
131.058,-590.135
131.058,-590.135
131.058,-590.135
131.058,-590.135
131.058,-590.135
131.058,-590.135
131.058,-590.135
131.058,-590.135
131.058,-590.135
131.058,-590.135
131.058,-590.135
131.058,-590.135
131.058,-590.135
131.058,-590.135
131.058,-590.135
131.058,-590.135
131.058,-590.135
131.058,-590.135
131.058,-590.135
131.058,-590.135
131.058,-590.135
131.058,-590.135
131.058,-590.135
131.058,-590.135
131.058,-590.135
131.058,-590.135
131.058,-590.135
131.058,-590.135
131.058,-590.135
131.058,-590.135
131.058,-590.135
131.058,-590.135
131.058,-590.135
131.058,-590.135
131.058,-590.135
131.058,-590.135
131.058,-590.135
131.058,-590.135
131.058,-590.135
131.058,-590.135
131.058,-590.135
131.058,-590.135
131.058,-590.135
131.058,-590.135
131.142,-589.561
131.227,-588.986
131.311,-588.412
131.396,-587.837
131.48,-587.263
131.564,-586.688
131.649,-586.114
131.733,-585.539
131.818,-584.965
131.902,-584.39
131.986,-583.816
132.071,-583.241
132.155,-582.667
132.24,-582.093
132.324,-581.518
132.408,-580.944
132.493,-580.369
132.577,-579.795
132.662,-579.22
132.746,-578.646
132.83,-578.071
132.915,-577.497
132.999,-576.922
133.084,-576.348
133.168,-575.773
133.252,-575.199
133.337,-574.625
133.421,-574.05
133.506,-573.476
133.59,-572.901
133.506,-573.474
133.506,-573.474
133.506,-573.474
133.506,-573.474
133.506,-573.474
133.506,-573.474
133.506,-573.474
133.506,-573.474
133.506,-573.474
133.506,-573.474
133.506,-573.474
133.506,-573.474
133.506,-573.474
133.506,-573.474
133.506,-573.474
133.506,-573.474
133.506,-573.474
133.506,-573.474
133.506,-573.474
133.506,-573.474
133.506,-573.474
133.506,-573.474
133.506,-573.474
133.506,-573.474
133.506,-573.474
133.506,-573.474
133.506,-573.474
133.506,-573.474
133.506,-573.474
133.506,-573.474
133.506,-573.474
133.506,-573.474
133.506,-573.474
133.506,-573.474
133.506,-573.474
133.506,-573.474
133.506,-573.474
133.506,-573.474
133.506,-573.474
133.506,-573.474
133.506,-573.474
133.506,-573.474
133.506,-573.474
133.506,-573.474
133.506,-573.474
133.506,-573.474
133.506,-573.474
133.506,-573.474
133.506,-573.474
133.506,-573.474
133.506,-573.474
133.506,-573.474
133.506,-573.474
133.506,-573.474
133.506,-573.474
133.506,-573.474
133.506,-573.474
133.506,-573.474
133.506,-573.474
133.506,-573.474
133.506,-573.474
133.506,-573.474
133.506,-573.474
133.506,-573.474
133.506,-573.474
133.506,-573.474
133.506,-573.474
133.506,-573.474
133.506,-573.474
133.506,-573.474
133.506,-573.474
133.506,-573.474
133.506,-573.474
133.506,-573.474
133.506,-573.474
133.506,-573.474
133.506,-573.474
133.506,-573.474
133.506,-573.474
133.506,-573.474
133.506,-573.474
133.506,-573.474
133.506,-573.474
133.506,-573.474
133.506,-573.474
133.506,-573.474
133.506,-573.474
133.506,-573.474
133.506,-573.474
133.506,-573.474
133.506,-573.474
133.506,-573.474
133.506,-573.474
133.506,-573.474
133.506,-573.474
133.506,-573.474
133.506,-573.474
133.506,-573.474
133.506,-573.474
133.506,-573.474
133.506,-573.474
133.506,-573.474
133.506,-573.474
133.506,-573.474
133.506,-573.474
133.506,-573.474
133.506,-573.474
133.506,-573.474
133.506,-573.474
133.149,-573.016
132.792,-572.558
132.435,-572.1
132.077,-571.643
131.72,-571.185
131.363,-570.727
131.006,-570.269
130.649,-569.811
130.292,-569.353
129.935,-568.896
129.578,-568.438
129.619,-568.49
129.619,-568.49
129.619,-568.49
129.619,-568.49
129.619,-568.49
129.619,-568.49
129.619,-568.49
129.619,-568.49
129.619,-568.49
129.619,-568.49
129.619,-568.49
129.619,-568.49
129.619,-568.49
129.619,-568.49
129.619,-568.49
129.619,-568.49
129.619,-568.49
129.619,-568.49
129.619,-568.49
129.619,-568.49
129.619,-568.49
129.619,-568.49
129.619,-568.49
129.619,-568.49
129.619,-568.49
129.619,-568.49
129.619,-568.49
129.619,-568.49
129.619,-568.49
129.619,-568.49
129.619,-568.49
129.619,-568.49
129.619,-568.49
129.619,-568.49
129.619,-568.49
129.619,-568.49
129.619,-568.49
129.619,-568.49
129.619,-568.49
129.619,-568.49
129.619,-568.49
129.619,-568.49
129.619,-568.49
129.619,-568.49
129.619,-568.49
129.619,-568.49
129.619,-568.49
129.619,-568.49
129.619,-568.49
129.619,-568.49
129.619,-568.49
129.619,-568.49
129.619,-568.49
129.619,-568.49
129.619,-568.49
129.619,-568.49
129.619,-568.49
129.619,-568.49
129.619,-568.49
129.619,-568.49
129.619,-568.49
129.619,-568.49
129.619,-568.49
129.619,-568.49
129.619,-568.49
129.619,-568.49
129.619,-568.49
129.619,-568.49
129.619,-568.49
129.619,-568.49
129.619,-568.49
129.619,-568.49
129.619,-568.49
129.619,-568.49
129.619,-568.49
129.619,-568.49
129.619,-568.49
129.619,-568.49
129.619,-568.49
129.619,-568.49
129.619,-568.49
129.619,-568.49
129.619,-568.49
129.619,-568.49
129.619,-568.49
129.619,-568.49
129.619,-568.49
129.619,-568.49
129.619,-568.49
129.619,-568.49
129.619,-568.49
129.619,-568.49
129.619,-568.49
129.619,-568.49
129.619,-568.49
129.619,-568.49
129.619,-568.49
129.307,-568.98
128.995,-569.469
128.682,-569.959
128.37,-570.449
128.058,-570.938
127.746,-571.428
127.434,-571.918
127.122,-572.407
126.81,-572.897
126.497,-573.386
126.185,-573.876
125.873,-574.366
125.561,-574.855
125.249,-575.345
124.937,-575.835
124.625,-576.324
124.312,-576.814
124,-577.303
123.688,-577.793
123.376,-578.283
123.064,-578.772
122.752,-579.262
122.439,-579.752
122.127,-580.241
121.815,-580.731
121.503,-581.22
121.191,-581.71
120.879,-582.2
120.567,-582.689
120.254,-583.179
119.942,-583.669
119.63,-584.158
119.318,-584.648
119.006,-585.137
118.694,-585.627
118.382,-586.117
118.069,-586.606
117.757,-587.096
117.445,-587.586
117.133,-588.075
116.821,-588.565
116.509,-589.054
116.197,-589.544
115.884,-590.034
115.572,-590.523
115.26,-591.013
114.948,-591.503
114.636,-591.992
114.324,-592.482
114.011,-592.971
113.699,-593.461
113.387,-593.951
113.624,-593.578
113.624,-593.578
113.624,-593.578
113.624,-593.578
113.624,-593.578
113.624,-593.578
113.624,-593.578
113.624,-593.578
113.624,-593.578
113.624,-593.578
113.624,-593.578
113.624,-593.578
113.624,-593.578
113.624,-593.578
113.624,-593.578
113.624,-593.578
113.624,-593.578
113.624,-593.578
113.624,-593.578
113.624,-593.578
113.624,-593.578
113.624,-593.578
113.624,-593.578
113.624,-593.578
113.624,-593.578
113.624,-593.578
113.624,-593.578
113.624,-593.578
113.624,-593.578
113.624,-593.578
113.624,-593.578
113.624,-593.578
113.624,-593.578
113.624,-593.578
113.624,-593.578
113.624,-593.578
113.624,-593.578
113.624,-593.578
113.624,-593.578
113.624,-593.578
113.624,-593.578
113.624,-593.578
113.624,-593.578
113.624,-593.578
113.624,-593.578
113.624,-593.578
113.624,-593.578
113.624,-593.578
113.624,-593.578
113.624,-593.578
113.624,-593.578
113.624,-593.578
113.624,-593.578
113.624,-593.578
113.624,-593.578
113.624,-593.578
113.624,-593.578
113.624,-593.578
113.624,-593.578
113.624,-593.578
113.624,-593.578
113.624,-593.578
113.624,-593.578
113.624,-593.578
113.624,-593.578
113.624,-593.578
113.624,-593.578
113.624,-593.578
113.624,-593.578
113.624,-593.578
113.624,-593.578
113.624,-593.578
113.624,-593.578
113.624,-593.578
113.624,-593.578
113.624,-593.578
113.624,-593.578
113.624,-593.578
113.624,-593.578
113.624,-593.578
113.624,-593.578
113.624,-593.578
113.624,-593.578
113.624,-593.578
113.624,-593.578
113.624,-593.578
113.624,-593.578
113.624,-593.578
113.624,-593.578
113.624,-593.578
113.624,-593.578
113.624,-593.578
113.624,-593.578
113.624,-593.578
113.624,-593.578
113.624,-593.578
113.624,-593.578
113.624,-593.578
113.624,-593.578
113.624,-593.578
113.624,-593.578
113.624,-593.578
113.624,-593.578
113.624,-593.578
113.624,-593.578
113.624,-593.578
113.624,-593.578
113.624,-593.578
113.624,-593.578
113.624,-593.578
113.624,-593.578
113.624,-593.578
113.624,-593.578
113.624,-593.578
113.624,-593.578
113.624,-593.578
113.624,-593.578
113.624,-593.578
113.624,-593.578
113.624,-593.578
113.624,-593.578
113.624,-593.578
113.624,-593.578
113.624,-593.578
113.624,-593.578
113.624,-593.578
113.624,-593.578
113.624,-593.578
113.624,-593.578
113.624,-593.578
113.624,-593.578
113.624,-593.578
113.624,-593.578
113.624,-593.578
113.624,-593.578
113.624,-593.578
113.624,-593.578
113.624,-593.578
113.624,-593.578
113.624,-593.578
113.624,-593.578
113.624,-593.578
113.624,-593.578
113.624,-593.578
113.624,-593.578
113.624,-593.578
113.624,-593.578
113.624,-593.578
113.624,-593.578
113.624,-593.578
113.624,-593.578
113.624,-593.578
113.624,-593.578
113.624,-593.578
113.624,-593.578
113.624,-593.578
113.397,-593.043
113.169,-592.509
112.941,-591.975
112.714,-591.441
112.486,-590.907
112.259,-590.373
112.031,-589.838
111.803,-589.304
111.576,-588.77
111.348,-588.236
111.12,-587.702
110.893,-587.167
110.665,-586.633
110.437,-586.099
110.21,-585.565
109.982,-585.031
109.754,-584.497
109.527,-583.962
109.299,-583.428
109.071,-582.894
108.844,-582.36
108.616,-581.826
108.389,-581.292
108.161,-580.757
107.933,-580.223
107.706,-579.689
107.478,-579.155
107.25,-578.621
107.023,-578.086
106.795,-577.552
106.567,-577.018
106.34,-576.484
106.112,-575.95
105.884,-575.416
105.657,-574.881
105.79,-575.195
105.79,-575.195
105.79,-575.195
105.79,-575.195
105.79,-575.195
105.79,-575.195
105.79,-575.195
105.79,-575.195
105.79,-575.195
105.79,-575.195
105.79,-575.195
105.79,-575.195
105.79,-575.195
105.79,-575.195
105.79,-575.195
105.79,-575.195
105.79,-575.195
105.79,-575.195
105.79,-575.195
105.79,-575.195
105.79,-575.195
105.79,-575.195
105.79,-575.195
105.79,-575.195
105.79,-575.195
105.79,-575.195
105.79,-575.195
105.79,-575.195
105.79,-575.195
105.79,-575.195
105.79,-575.195
105.79,-575.195
105.79,-575.195
105.79,-575.195
105.79,-575.195
105.79,-575.195
105.79,-575.195
105.79,-575.195
105.79,-575.195
105.79,-575.195
105.79,-575.195
105.79,-575.195
105.79,-575.195
105.79,-575.195
105.79,-575.195
105.79,-575.195
105.79,-575.195
105.79,-575.195
105.79,-575.195
105.79,-575.195
105.79,-575.195
105.79,-575.195
105.79,-575.195
105.79,-575.195
105.79,-575.195
105.79,-575.195
105.79,-575.195
105.79,-575.195
105.79,-575.195
105.79,-575.195
105.79,-575.195
105.79,-575.195
105.79,-575.195
105.79,-575.195
105.79,-575.195
105.79,-575.195
105.79,-575.195
105.79,-575.195
105.79,-575.195
105.79,-575.195
105.79,-575.195
105.79,-575.195
105.79,-575.195
105.79,-575.195
105.79,-575.195
105.79,-575.195
105.79,-575.195
105.79,-575.195
105.79,-575.195
105.79,-575.195
105.79,-575.195
105.79,-575.195
105.79,-575.195
105.79,-575.195
105.79,-575.195
105.79,-575.195
105.79,-575.195
105.79,-575.195
105.79,-575.195
105.79,-575.195
105.79,-575.195
105.79,-575.195
105.79,-575.195
105.79,-575.195
105.79,-575.195
105.79,-575.195
105.79,-575.195
105.79,-575.195
105.79,-575.195
105.79,-575.195
105.79,-575.195
105.79,-575.195
105.79,-575.195
105.79,-575.195
105.79,-575.195
105.79,-575.195
105.79,-575.195
105.79,-575.195
105.79,-575.195
105.79,-575.195
105.79,-575.195
105.79,-575.195
105.79,-575.195
105.79,-575.195
105.79,-575.195
105.79,-575.195
105.79,-575.195
105.79,-575.195
105.79,-575.195
105.79,-575.195
105.79,-575.195
105.79,-575.195
105.79,-575.195
105.79,-575.195
105.79,-575.195
105.79,-575.195
105.79,-575.195
105.79,-575.195
105.79,-575.195
105.79,-575.195
105.79,-575.195
105.79,-575.195
105.79,-575.195
105.79,-575.195
105.79,-575.195
105.79,-575.195
105.79,-575.195
105.79,-575.195
105.79,-575.195
105.79,-575.195
105.79,-575.195
105.79,-575.195
105.79,-575.195
105.79,-575.195
105.79,-575.195
105.79,-575.195
105.79,-575.195
105.79,-575.195
105.79,-575.195
105.79,-575.195
105.79,-575.195
105.79,-575.195
105.79,-575.195
105.79,-575.195
105.79,-575.195
105.79,-575.195
105.79,-575.195
105.79,-575.195
105.79,-575.195
105.79,-575.195
105.79,-575.195
105.79,-575.195
105.79,-575.195
105.79,-575.195
105.79,-575.195
105.79,-575.195
105.79,-575.195
105.979,-575.744
106.167,-576.294
106.356,-576.843
106.545,-577.392
106.733,-577.941
106.922,-578.49
107.11,-579.04
107.299,-579.589
107.487,-580.138
107.676,-580.687
107.864,-581.236
108.053,-581.786
108.241,-582.335
108.43,-582.884
108.619,-583.433
108.807,-583.982
108.996,-584.531
109.184,-585.081
109.373,-585.63
109.561,-586.179
109.75,-586.728
109.938,-587.277
110.127,-587.827
110.315,-588.376
110.504,-588.925
110.693,-589.474
110.881,-590.023
111.07,-590.573
111.258,-591.122
111.447,-591.671
111.635,-592.22
111.824,-592.769
111.738,-592.52
111.738,-592.52
111.738,-592.52
111.738,-592.52
111.738,-592.52
111.738,-592.52
111.738,-592.52
111.738,-592.52
111.738,-592.52
111.738,-592.52
111.738,-592.52
111.738,-592.52
111.738,-592.52
111.738,-592.52
111.738,-592.52
111.738,-592.52
111.738,-592.52
111.738,-592.52
111.738,-592.52
111.738,-592.52
111.738,-592.52
111.738,-592.52
111.738,-592.52
111.738,-592.52
111.738,-592.52
111.738,-592.52
111.738,-592.52
111.738,-592.52
111.738,-592.52
111.738,-592.52
111.738,-592.52
111.738,-592.52
111.738,-592.52
111.738,-592.52
111.738,-592.52
111.738,-592.52
111.738,-592.52
111.738,-592.52
111.738,-592.52
111.738,-592.52
111.738,-592.52
111.738,-592.52
111.738,-592.52
111.738,-592.52
111.738,-592.52
111.738,-592.52
111.738,-592.52
111.738,-592.52
111.738,-592.52
111.738,-592.52
111.738,-592.52
111.738,-592.52
111.738,-592.52
111.738,-592.52
111.738,-592.52
111.738,-592.52
111.738,-592.52
111.738,-592.52
111.738,-592.52
111.738,-592.52
111.738,-592.52
111.738,-592.52
111.738,-592.52
111.738,-592.52
111.738,-592.52
111.738,-592.52
111.738,-592.52
111.738,-592.52
111.738,-592.52
111.738,-592.52
111.738,-592.52
111.738,-592.52
111.738,-592.52
111.738,-592.52
111.738,-592.52
111.738,-592.52
111.738,-592.52
111.738,-592.52
111.738,-592.52
111.738,-592.52
111.738,-592.52
111.738,-592.52
111.738,-592.52
111.738,-592.52
111.738,-592.52
111.738,-592.52
111.738,-592.52
111.738,-592.52
111.738,-592.52
111.738,-592.52
111.738,-592.52
111.738,-592.52
111.738,-592.52
111.738,-592.52
111.738,-592.52
111.738,-592.52
111.738,-592.52
111.738,-592.52
111.738,-592.52
111.738,-592.52
111.738,-592.52
111.738,-592.52
111.738,-592.52
111.738,-592.52
111.738,-592.52
111.738,-592.52
111.738,-592.52
111.738,-592.52
111.738,-592.52
111.738,-592.52
111.738,-592.52
111.738,-592.52
111.738,-592.52
111.738,-592.52
111.738,-592.52
111.738,-592.52
111.738,-592.52
111.738,-592.52
111.738,-592.52
111.738,-592.52
111.738,-592.52
111.738,-592.52
111.738,-592.52
111.738,-592.52
111.738,-592.52
111.738,-592.52
111.738,-592.52
111.738,-592.52
111.738,-592.52
111.738,-592.52
111.738,-592.52
111.738,-592.52
111.738,-592.52
111.738,-592.52
111.738,-592.52
111.738,-592.52
111.738,-592.52
111.738,-592.52
111.738,-592.52
111.738,-592.52
111.738,-592.52
111.738,-592.52
111.738,-592.52
111.738,-592.52
111.738,-592.52
111.738,-592.52
111.738,-592.52
111.738,-592.52
111.738,-592.52
111.738,-592.52
111.738,-592.52
111.738,-592.52
111.738,-592.52
111.738,-592.52
111.738,-592.52
111.738,-592.52
111.738,-592.52
111.738,-592.52
111.738,-592.52
111.738,-592.52
111.738,-592.52
111.738,-592.52
111.738,-592.52
111.738,-592.52
111.738,-592.52
111.738,-592.52
111.738,-592.52
111.738,-592.52
111.738,-592.52
111.738,-592.52
111.738,-592.52
111.738,-592.52
111.738,-592.52
111.738,-592.52
111.738,-592.52
111.738,-592.52
111.738,-592.52
111.738,-592.52
111.738,-592.52
111.738,-592.52
111.738,-592.52
111.738,-592.52
111.738,-592.52
111.738,-592.52
111.738,-592.52
111.738,-592.52
111.738,-592.52
111.738,-592.52
111.775,-591.94
111.812,-591.361
111.849,-590.781
111.886,-590.202
111.923,-589.622
111.96,-589.043
111.997,-588.464
112.034,-587.884
112.071,-587.305
112.107,-586.725
112.144,-586.146
112.181,-585.566
112.218,-584.987
112.255,-584.407
112.292,-583.828
112.329,-583.248
112.366,-582.669
112.403,-582.089
112.44,-581.51
112.477,-580.93
112.513,-580.351
112.55,-579.771
112.587,-579.192
112.624,-578.613
112.661,-578.033
112.698,-577.454
112.735,-576.874
112.772,-576.295
112.809,-575.715
112.846,-575.136
112.883,-574.556
112.919,-573.977
112.956,-573.397
112.993,-572.818
113.03,-572.238
113.067,-571.659
113.104,-571.079
113.141,-570.5
113.178,-569.921
113.215,-569.341
113.252,-568.762
113.289,-568.182
113.326,-567.603
113.362,-567.023
113.399,-566.444
113.394,-566.533
113.394,-566.533
113.394,-566.533
113.394,-566.533
113.394,-566.533
113.394,-566.533
113.394,-566.533
113.394,-566.533
113.394,-566.533
113.394,-566.533
113.394,-566.533
113.394,-566.533
113.394,-566.533
113.394,-566.533
113.394,-566.533
113.394,-566.533
113.394,-566.533
113.394,-566.533
113.394,-566.533
113.394,-566.533
113.394,-566.533
113.394,-566.533
113.394,-566.533
113.394,-566.533
113.394,-566.533
113.394,-566.533
113.394,-566.533
113.394,-566.533
113.394,-566.533
113.394,-566.533
113.394,-566.533
113.394,-566.533
113.394,-566.533
113.394,-566.533
113.394,-566.533
113.394,-566.533
113.394,-566.533
113.394,-566.533
113.394,-566.533
113.394,-566.533
113.394,-566.533
113.394,-566.533
113.394,-566.533
113.394,-566.533
113.394,-566.533
113.394,-566.533
113.394,-566.533
113.394,-566.533
113.394,-566.533
113.394,-566.533
113.394,-566.533
113.394,-566.533
113.394,-566.533
113.394,-566.533
113.394,-566.533
113.394,-566.533
113.394,-566.533
113.394,-566.533
113.394,-566.533
113.394,-566.533
113.394,-566.533
113.394,-566.533
113.394,-566.533
113.394,-566.533
113.394,-566.533
113.394,-566.533
113.394,-566.533
113.394,-566.533
113.394,-566.533
113.394,-566.533
113.394,-566.533
113.394,-566.533
113.394,-566.533
113.394,-566.533
113.394,-566.533
113.394,-566.533
113.394,-566.533
113.394,-566.533
113.394,-566.533
113.394,-566.533
113.394,-566.533
113.394,-566.533
113.394,-566.533
113.394,-566.533
113.394,-566.533
113.394,-566.533
113.394,-566.533
113.394,-566.533
113.394,-566.533
113.394,-566.533
113.394,-566.533
113.394,-566.533
113.394,-566.533
113.394,-566.533
113.394,-566.533
113.394,-566.533
113.394,-566.533
113.394,-566.533
113.394,-566.533
113.394,-566.533
113.394,-566.533
113.394,-566.533
113.394,-566.533
113.394,-566.533
113.394,-566.533
113.394,-566.533
113.394,-566.533
113.394,-566.533
113.394,-566.533
113.394,-566.533
113.394,-566.533
113.394,-566.533
113.394,-566.533
113.394,-566.533
113.394,-566.533
113.394,-566.533
113.394,-566.533
113.394,-566.533
113.394,-566.533
113.394,-566.533
113.394,-566.533
113.394,-566.533
113.881,-566.849
114.368,-567.166
114.855,-567.482
115.342,-567.798
115.829,-568.114
116.316,-568.43
116.803,-568.747
117.29,-569.063
117.776,-569.379
118.263,-569.695
118.75,-570.012
119.237,-570.328
119.724,-570.644
120.211,-570.96
120.698,-571.276
121.185,-571.593
121.672,-571.909
122.159,-572.225
122.646,-572.541
123.133,-572.858
123.62,-573.174
124.107,-573.49
124.594,-573.806
125.081,-574.122
125.568,-574.439
126.055,-574.755
126.542,-575.071
127.029,-575.387
127.516,-575.704
128.003,-576.02
128.49,-576.336
128.977,-576.652
129.464,-576.969
129.951,-577.285
130.438,-577.601
130.925,-577.917
131.412,-578.233
131.899,-578.55
132.386,-578.866
132.873,-579.182
133.36,-579.498
133.847,-579.815
134.334,-580.131
134.821,-580.447
135.308,-580.763
134.99,-580.556
134.99,-580.556
134.99,-580.556
134.99,-580.556
134.99,-580.556
134.99,-580.556
134.99,-580.556
134.99,-580.556
134.99,-580.556
134.99,-580.556
134.99,-580.556
134.99,-580.556
134.99,-580.556
134.99,-580.556
134.99,-580.556
134.99,-580.556
134.99,-580.556
134.99,-580.556
134.99,-580.556
134.99,-580.556
134.99,-580.556
134.99,-580.556
134.99,-580.556
134.99,-580.556
134.99,-580.556
134.99,-580.556
134.99,-580.556
134.99,-580.556
134.99,-580.556
134.99,-580.556
134.99,-580.556
134.99,-580.556
134.99,-580.556
134.99,-580.556
134.99,-580.556
134.99,-580.556
134.99,-580.556
134.99,-580.556
134.99,-580.556
134.99,-580.556
134.99,-580.556
134.99,-580.556
134.99,-580.556
134.99,-580.556
134.99,-580.556
134.99,-580.556
134.99,-580.556
134.99,-580.556
134.99,-580.556
134.99,-580.556
134.99,-580.556
134.99,-580.556
134.99,-580.556
134.99,-580.556
134.99,-580.556
134.99,-580.556
134.99,-580.556
134.99,-580.556
134.99,-580.556
134.99,-580.556
134.99,-580.556
134.99,-580.556
134.99,-580.556
134.99,-580.556
134.99,-580.556
134.99,-580.556
134.99,-580.556
134.99,-580.556
134.99,-580.556
134.99,-580.556
134.99,-580.556
134.99,-580.556
134.99,-580.556
134.99,-580.556
134.99,-580.556
134.99,-580.556
134.99,-580.556
134.99,-580.556
134.99,-580.556
134.99,-580.556
134.99,-580.556
134.99,-580.556
134.99,-580.556
134.99,-580.556
134.99,-580.556
134.99,-580.556
134.99,-580.556
134.99,-580.556
134.99,-580.556
134.99,-580.556
134.99,-580.556
134.99,-580.556
134.99,-580.556
134.99,-580.556
134.99,-580.556
134.99,-580.556
134.99,-580.556
134.99,-580.556
134.99,-580.556
134.99,-580.556
134.99,-580.556
134.99,-580.556
134.99,-580.556
134.99,-580.556
134.99,-580.556
134.99,-580.556
134.99,-580.556
134.99,-580.556
134.99,-580.556
134.99,-580.556
134.99,-580.556
134.99,-580.556
134.99,-580.556
134.99,-580.556
134.99,-580.556
134.99,-580.556
134.99,-580.556
134.99,-580.556
134.99,-580.556
134.99,-580.556
134.99,-580.556
134.99,-580.556
134.99,-580.556
134.99,-580.556
134.99,-580.556
134.99,-580.556
134.99,-580.556
134.99,-580.556
134.99,-580.556
134.99,-580.556
134.99,-580.556
134.99,-580.556
134.99,-580.556
134.99,-580.556
134.99,-580.556
134.99,-580.556
134.99,-580.556
134.99,-580.556
134.99,-580.556
134.99,-580.556
134.99,-580.556
134.99,-580.556
134.99,-580.556
134.99,-580.556
134.99,-580.556
134.99,-580.556
134.99,-580.556
134.99,-580.556
134.99,-580.556
134.99,-580.556
134.99,-580.556
134.99,-580.556
134.99,-580.556
134.99,-580.556
134.99,-580.556
134.99,-580.556
134.99,-580.556
134.99,-580.556
134.99,-580.556
134.99,-580.556
134.99,-580.556
134.99,-580.556
134.99,-580.556
134.639,-580.094
134.287,-579.632
133.936,-579.169
133.585,-578.707
133.234,-578.244
132.883,-577.782
132.532,-577.32
132.18,-576.857
131.829,-576.395
131.478,-575.932
131.127,-575.47
130.776,-575.008
130.425,-574.545
130.073,-574.083
129.722,-573.62
129.371,-573.158
129.02,-572.696
128.669,-572.233
128.318,-571.771
127.966,-571.308
127.615,-570.846
127.264,-570.384
126.913,-569.921
126.562,-569.459
126.211,-568.996
125.859,-568.534
125.508,-568.072
125.157,-567.609
124.806,-567.147
124.455,-566.684
124.104,-566.222
123.752,-565.76
123.401,-565.297
123.488,-565.411
123.488,-565.411
123.488,-565.411
123.488,-565.411
123.488,-565.411
123.488,-565.411
123.488,-565.411
123.488,-565.411
123.488,-565.411
123.488,-565.411
123.488,-565.411
123.488,-565.411
123.488,-565.411
123.488,-565.411
123.488,-565.411
123.488,-565.411
123.488,-565.411
123.488,-565.411
123.488,-565.411
123.488,-565.411
123.488,-565.411
123.488,-565.411
123.488,-565.411
123.488,-565.411
123.488,-565.411
123.488,-565.411
123.488,-565.411
123.488,-565.411
123.488,-565.411
123.488,-565.411
123.488,-565.411
123.488,-565.411
123.488,-565.411
123.488,-565.411
123.488,-565.411
123.488,-565.411
123.488,-565.411
123.488,-565.411
123.488,-565.411
123.488,-565.411
123.488,-565.411
123.488,-565.411
123.488,-565.411
123.488,-565.411
123.488,-565.411
123.488,-565.411
123.488,-565.411
123.488,-565.411
123.488,-565.411
123.488,-565.411
123.488,-565.411
123.488,-565.411
123.488,-565.411
123.488,-565.411
123.488,-565.411
123.488,-565.411
123.488,-565.411
123.488,-565.411
123.488,-565.411
123.488,-565.411
123.488,-565.411
123.488,-565.411
123.488,-565.411
123.488,-565.411
123.488,-565.411
123.488,-565.411
123.488,-565.411
123.488,-565.411
123.488,-565.411
123.488,-565.411
123.488,-565.411
123.488,-565.411
123.488,-565.411
123.488,-565.411
123.488,-565.411
123.488,-565.411
123.488,-565.411
123.488,-565.411
123.488,-565.411
123.488,-565.411
123.488,-565.411
123.488,-565.411
123.488,-565.411
123.488,-565.411
123.488,-565.411
123.488,-565.411
123.488,-565.411
123.488,-565.411
123.488,-565.411
123.488,-565.411
123.488,-565.411
123.488,-565.411
123.488,-565.411
123.488,-565.411
123.488,-565.411
123.488,-565.411
123.488,-565.411
123.488,-565.411
123.488,-565.411
123.488,-565.411
123.488,-565.411
123.488,-565.411
123.488,-565.411
123.488,-565.411
123.488,-565.411
123.488,-565.411
123.488,-565.411
123.488,-565.411
123.488,-565.411
123.488,-565.411
123.488,-565.411
123.488,-565.411
123.488,-565.411
123.488,-565.411
123.488,-565.411
123.488,-565.411
123.488,-565.411
123.488,-565.411
123.488,-565.411
123.488,-565.411
123.488,-565.411
123.488,-565.411
123.488,-565.411
123.488,-565.411
123.488,-565.411
123.488,-565.411
123.488,-565.411
123.488,-565.411
123.488,-565.411
123.488,-565.411
123.754,-565.927
124.02,-566.443
124.286,-566.96
124.552,-567.476
124.818,-567.992
125.084,-568.508
125.35,-569.024
125.616,-569.54
125.882,-570.056
126.148,-570.572
126.414,-571.089
126.68,-571.605
126.946,-572.121
127.212,-572.637
127.478,-573.153
127.744,-573.669
128.01,-574.185
128.276,-574.701
128.542,-575.217
128.808,-575.734
129.074,-576.25
129.34,-576.766
129.606,-577.282
129.872,-577.798
130.138,-578.314
130.404,-578.83
130.67,-579.346
130.936,-579.862
131.202,-580.379
131.468,-580.895
131.734,-581.411
132,-581.927
132.266,-582.443
132.532,-582.959
132.798,-583.475
133.064,-583.991
133.33,-584.507
133.596,-585.024
133.862,-585.54
134.128,-586.056
133.906,-585.624
133.906,-585.624
133.906,-585.624
133.906,-585.624
133.906,-585.624
133.906,-585.624
133.906,-585.624
133.906,-585.624
133.906,-585.624
133.906,-585.624
133.906,-585.624
133.906,-585.624
133.906,-585.624
133.906,-585.624
133.906,-585.624
133.906,-585.624
133.906,-585.624
133.906,-585.624
133.906,-585.624
133.906,-585.624
133.906,-585.624
133.906,-585.624
133.906,-585.624
133.906,-585.624
133.906,-585.624
133.906,-585.624
133.906,-585.624
133.906,-585.624
133.906,-585.624
133.906,-585.624
133.906,-585.624
133.906,-585.624
133.906,-585.624
133.906,-585.624
133.906,-585.624
133.906,-585.624
133.906,-585.624
133.906,-585.624
133.906,-585.624
133.906,-585.624
133.906,-585.624
133.906,-585.624
133.906,-585.624
133.906,-585.624
133.906,-585.624
133.906,-585.624
133.906,-585.624
133.906,-585.624
133.906,-585.624
133.906,-585.624
133.906,-585.624
133.906,-585.624
133.906,-585.624
133.906,-585.624
133.906,-585.624
133.906,-585.624
133.906,-585.624
133.906,-585.624
133.906,-585.624
133.906,-585.624
133.906,-585.624
133.906,-585.624
133.906,-585.624
133.906,-585.624
133.906,-585.624
133.906,-585.624
133.906,-585.624
133.906,-585.624
133.906,-585.624
133.906,-585.624
133.906,-585.624
133.906,-585.624
133.906,-585.624
133.906,-585.624
133.906,-585.624
133.906,-585.624
133.906,-585.624
133.906,-585.624
133.906,-585.624
133.906,-585.624
133.906,-585.624
133.906,-585.624
133.906,-585.624
133.906,-585.624
133.906,-585.624
133.906,-585.624
133.906,-585.624
133.906,-585.624
133.906,-585.624
133.906,-585.624
133.906,-585.624
133.906,-585.624
133.906,-585.624
133.906,-585.624
133.906,-585.624
133.906,-585.624
133.906,-585.624
133.906,-585.624
133.906,-585.624
133.906,-585.624
133.906,-585.624
133.906,-585.624
133.906,-585.624
133.906,-585.624
133.906,-585.624
133.906,-585.624
133.906,-585.624
133.906,-585.624
133.906,-585.624
133.906,-585.624
133.906,-585.624
133.906,-585.624
133.906,-585.624
133.906,-585.624
133.906,-585.624
133.906,-585.624
133.906,-585.624
133.906,-585.624
133.906,-585.624
133.906,-585.624
133.906,-585.624
133.906,-585.624
133.906,-585.624
133.906,-585.624
133.906,-585.624
133.906,-585.624
133.906,-585.624
133.906,-585.624
133.906,-585.624
133.906,-585.624
133.906,-585.624
133.906,-585.624
133.906,-585.624
133.906,-585.624
133.906,-585.624
133.906,-585.624
133.906,-585.624
133.906,-585.624
133.906,-585.624
133.906,-585.624
133.906,-585.624
133.906,-585.624
133.48,-585.229
133.055,-584.834
132.63,-584.438
132.205,-584.043
131.78,-583.647
131.354,-583.252
130.929,-582.856
130.504,-582.461
130.079,-582.065
129.654,-581.67
129.229,-581.275
128.803,-580.879
128.378,-580.484
127.953,-580.088
127.528,-579.693
127.103,-579.297
126.677,-578.902
126.252,-578.506
125.827,-578.111
125.402,-577.716
124.977,-577.32
124.551,-576.925
124.126,-576.529
123.701,-576.134
123.276,-575.738
122.851,-575.343
122.426,-574.947
122,-574.552
121.575,-574.156
121.15,-573.761
120.725,-573.366
120.3,-572.97
119.874,-572.575
119.449,-572.179
119.024,-571.784
118.599,-571.388
118.174,-570.993
117.749,-570.597
117.323,-570.202
116.898,-569.807
116.473,-569.411
116.048,-569.016
115.623,-568.62
115.197,-568.225
114.772,-567.829
114.347,-567.434
113.922,-567.038
113.497,-566.643
113.071,-566.248
113.383,-566.538
113.383,-566.538
113.383,-566.538
113.383,-566.538
113.383,-566.538
113.383,-566.538
113.383,-566.538
113.383,-566.538
113.383,-566.538
113.383,-566.538
113.383,-566.538
113.383,-566.538
113.383,-566.538
113.383,-566.538
113.383,-566.538
113.383,-566.538
113.383,-566.538
113.383,-566.538
113.383,-566.538
113.383,-566.538
113.383,-566.538
113.383,-566.538
113.383,-566.538
113.383,-566.538
113.383,-566.538
113.383,-566.538
113.383,-566.538
113.383,-566.538
113.383,-566.538
113.383,-566.538
113.383,-566.538
113.383,-566.538
113.383,-566.538
113.383,-566.538
113.383,-566.538
113.383,-566.538
113.383,-566.538
113.383,-566.538
113.383,-566.538
113.383,-566.538
113.383,-566.538
113.383,-566.538
113.383,-566.538
113.383,-566.538
113.383,-566.538
113.383,-566.538
113.383,-566.538
113.383,-566.538
113.383,-566.538
113.383,-566.538
113.383,-566.538
113.383,-566.538
113.383,-566.538
113.383,-566.538
113.383,-566.538
113.383,-566.538
113.383,-566.538
113.383,-566.538
113.383,-566.538
113.383,-566.538
113.383,-566.538
113.383,-566.538
113.383,-566.538
113.383,-566.538
113.383,-566.538
113.383,-566.538
113.383,-566.538
113.383,-566.538
113.383,-566.538
113.383,-566.538
113.383,-566.538
113.383,-566.538
113.383,-566.538
113.383,-566.538
113.383,-566.538
113.383,-566.538
113.383,-566.538
113.383,-566.538
113.383,-566.538
113.383,-566.538
113.383,-566.538
113.383,-566.538
113.383,-566.538
113.383,-566.538
113.383,-566.538
113.383,-566.538
113.383,-566.538
113.383,-566.538
113.383,-566.538
113.383,-566.538
113.383,-566.538
113.383,-566.538
113.383,-566.538
113.383,-566.538
113.383,-566.538
113.383,-566.538
113.383,-566.538
113.383,-566.538
113.383,-566.538
113.383,-566.538
113.383,-566.538
113.383,-566.538
113.383,-566.538
113.383,-566.538
113.383,-566.538
113.383,-566.538
113.383,-566.538
113.383,-566.538
113.383,-566.538
113.383,-566.538
113.383,-566.538
113.383,-566.538
113.383,-566.538
113.383,-566.538
113.383,-566.538
113.383,-566.538
113.383,-566.538
113.383,-566.538
113.383,-566.538
113.383,-566.538
113.383,-566.538
113.383,-566.538
113.383,-566.538
113.383,-566.538
113.383,-566.538
113.383,-566.538
113.383,-566.538
113.383,-566.538
113.383,-566.538
113.383,-566.538
113.383,-566.538
113.383,-566.538
113.383,-566.538
113.383,-566.538
113.383,-566.538
113.383,-566.538
113.383,-566.538
113.383,-566.538
113.383,-566.538
113.383,-566.538
113.383,-566.538
113.383,-566.538
113.383,-566.538
113.383,-566.538
113.383,-566.538
113.383,-566.538
113.383,-566.538
113.383,-566.538
113.383,-566.538
113.383,-566.538
113.383,-566.538
113.383,-566.538
113.383,-566.538
113.383,-566.538
113.383,-566.538
113.383,-566.538
113.383,-566.538
113.383,-566.538
113.383,-566.538
113.383,-566.538
113.383,-566.538
113.383,-566.538
113.383,-566.538
113.383,-566.538
113.383,-566.538
113.383,-566.538
113.383,-566.538
113.383,-566.538
113.383,-566.538
113.383,-566.538
113.383,-566.538
113.383,-566.538
113.383,-566.538
113.383,-566.538
113.383,-566.538
113.383,-566.538
113.383,-566.538
113.383,-566.538
113.383,-566.538
113.383,-566.538
113.383,-566.538
113.383,-566.538
113.383,-566.538
113.383,-566.538
113.194,-567.087
113.005,-567.636
112.815,-568.185
112.626,-568.734
112.437,-569.283
112.247,-569.832
112.058,-570.38
111.869,-570.929
111.679,-571.478
111.49,-572.027
111.301,-572.576
111.111,-573.125
110.922,-573.674
110.733,-574.223
110.543,-574.772
110.354,-575.32
110.165,-575.869
109.975,-576.418
109.786,-576.967
109.597,-577.516
109.407,-578.065
109.218,-578.614
109.029,-579.163
108.839,-579.712
108.65,-580.26
108.461,-580.809
108.271,-581.358
108.082,-581.907
107.892,-582.456
107.703,-583.005
107.514,-583.554
107.324,-584.103
107.135,-584.652
106.946,-585.2
106.756,-585.749
106.567,-586.298
106.378,-586.847
106.491,-586.52
106.491,-586.52
106.491,-586.52
106.491,-586.52
106.491,-586.52
106.491,-586.52
106.491,-586.52
106.491,-586.52
106.491,-586.52
106.491,-586.52
106.491,-586.52
106.491,-586.52
106.491,-586.52
106.491,-586.52
106.491,-586.52
106.491,-586.52
106.491,-586.52
106.491,-586.52
106.491,-586.52
106.491,-586.52
106.491,-586.52
106.491,-586.52
106.491,-586.52
106.491,-586.52
106.491,-586.52
106.491,-586.52
106.491,-586.52
106.491,-586.52
106.491,-586.52
106.491,-586.52
106.491,-586.52
106.491,-586.52
106.491,-586.52
106.491,-586.52
106.491,-586.52
106.491,-586.52
106.491,-586.52
106.491,-586.52
106.491,-586.52
106.491,-586.52
106.491,-586.52
106.491,-586.52
106.491,-586.52
106.491,-586.52
106.491,-586.52
106.491,-586.52
106.491,-586.52
106.491,-586.52
106.491,-586.52
106.491,-586.52
106.491,-586.52
106.491,-586.52
106.491,-586.52
106.491,-586.52
106.491,-586.52
106.491,-586.52
106.491,-586.52
106.491,-586.52
106.491,-586.52
106.491,-586.52
106.491,-586.52
106.491,-586.52
106.491,-586.52
106.491,-586.52
106.491,-586.52
106.491,-586.52
106.491,-586.52
106.491,-586.52
106.491,-586.52
106.491,-586.52
106.491,-586.52
106.491,-586.52
106.491,-586.52
106.491,-586.52
106.491,-586.52
106.491,-586.52
106.491,-586.52
106.491,-586.52
106.491,-586.52
106.491,-586.52
106.491,-586.52
106.491,-586.52
106.491,-586.52
106.491,-586.52
106.491,-586.52
106.491,-586.52
106.491,-586.52
106.491,-586.52
106.491,-586.52
106.491,-586.52
106.491,-586.52
106.491,-586.52
106.491,-586.52
106.491,-586.52
106.491,-586.52
106.491,-586.52
106.491,-586.52
106.491,-586.52
106.491,-586.52
106.491,-586.52
106.491,-586.52
106.491,-586.52
106.491,-586.52
106.491,-586.52
107.031,-586.733
107.571,-586.947
108.111,-587.161
108.651,-587.374
109.191,-587.588
109.73,-587.802
110.27,-588.016
110.81,-588.229
111.35,-588.443
111.89,-588.657
112.43,-588.87
112.97,-589.084
113.51,-589.298
114.05,-589.511
114.59,-589.725
115.129,-589.939
115.669,-590.152
116.209,-590.366
116.749,-590.58
117.289,-590.793
117.829,-591.007
118.369,-591.221
118.909,-591.434
119.449,-591.648
119.989,-591.862
120.528,-592.076
121.068,-592.289
121.608,-592.503
122.148,-592.717
122.688,-592.93
123.228,-593.144
123.768,-593.358
124.308,-593.571
124.848,-593.785
125.388,-593.999
125.927,-594.212
125.389,-593.999
125.389,-593.999
125.389,-593.999
125.389,-593.999
125.389,-593.999
125.389,-593.999
125.389,-593.999
125.389,-593.999
125.389,-593.999
125.389,-593.999
125.389,-593.999
125.389,-593.999
125.389,-593.999
125.389,-593.999
125.389,-593.999
125.389,-593.999
125.389,-593.999
125.389,-593.999
125.389,-593.999
125.389,-593.999
125.389,-593.999
125.389,-593.999
125.389,-593.999
125.389,-593.999
125.389,-593.999
125.389,-593.999
125.389,-593.999
125.389,-593.999
125.389,-593.999
125.389,-593.999
125.389,-593.999
125.389,-593.999
125.389,-593.999
125.389,-593.999
125.389,-593.999
125.389,-593.999
125.389,-593.999
125.389,-593.999
125.389,-593.999
125.389,-593.999
125.389,-593.999
125.389,-593.999
125.389,-593.999
125.389,-593.999
125.389,-593.999
125.389,-593.999
125.389,-593.999
125.389,-593.999
125.389,-593.999
125.389,-593.999
125.389,-593.999
125.389,-593.999
125.389,-593.999
125.389,-593.999
125.389,-593.999
125.389,-593.999
125.389,-593.999
125.389,-593.999
125.389,-593.999
125.389,-593.999
125.389,-593.999
125.389,-593.999
125.389,-593.999
125.389,-593.999
125.389,-593.999
125.389,-593.999
125.389,-593.999
125.389,-593.999
125.389,-593.999
125.389,-593.999
125.389,-593.999
125.389,-593.999
125.389,-593.999
125.389,-593.999
125.389,-593.999
125.389,-593.999
125.389,-593.999
125.389,-593.999
125.389,-593.999
125.389,-593.999
125.389,-593.999
125.389,-593.999
125.389,-593.999
125.389,-593.999
125.389,-593.999
125.389,-593.999
125.389,-593.999
125.389,-593.999
125.389,-593.999
125.389,-593.999
125.389,-593.999
125.389,-593.999
125.389,-593.999
125.389,-593.999
125.389,-593.999
125.389,-593.999
125.389,-593.999
125.389,-593.999
125.389,-593.999
125.389,-593.999
125.389,-593.999
125.389,-593.999
125.389,-593.999
125.389,-593.999
125.389,-593.999
125.389,-593.999
125.389,-593.999
125.389,-593.999
125.389,-593.999
125.389,-593.999
125.389,-593.999
125.389,-593.999
125.389,-593.999
125.389,-593.999
125.389,-593.999
125.389,-593.999
125.389,-593.999
125.389,-593.999
125.389,-593.999
125.389,-593.999
125.389,-593.999
125.389,-593.999
125.389,-593.999
125.389,-593.999
125.389,-593.999
125.389,-593.999
125.389,-593.999
125.389,-593.999
125.389,-593.999
125.389,-593.999
125.847,-593.641
126.304,-593.284
126.762,-592.927
127.22,-592.569
127.678,-592.212
128.135,-591.855
128.593,-591.497
129.051,-591.14
129.508,-590.783
129.966,-590.426
130.424,-590.068
130.881,-589.711
131.339,-589.354
131.797,-588.996
132.255,-588.639
132.712,-588.282
132.272,-588.625
132.272,-588.625
132.272,-588.625
132.272,-588.625
132.272,-588.625
132.272,-588.625
132.272,-588.625
132.272,-588.625
132.272,-588.625
132.272,-588.625
132.272,-588.625
132.272,-588.625
132.272,-588.625
132.272,-588.625
132.272,-588.625
132.272,-588.625
132.272,-588.625
132.272,-588.625
132.272,-588.625
132.272,-588.625
132.272,-588.625
132.272,-588.625
132.272,-588.625
132.272,-588.625
132.272,-588.625
132.272,-588.625
132.272,-588.625
132.272,-588.625
132.272,-588.625
132.272,-588.625
132.272,-588.625
132.272,-588.625
132.272,-588.625
132.272,-588.625
132.272,-588.625
132.272,-588.625
132.272,-588.625
132.272,-588.625
132.272,-588.625
132.272,-588.625
132.272,-588.625
132.272,-588.625
132.272,-588.625
132.272,-588.625
132.272,-588.625
132.272,-588.625
132.272,-588.625
132.272,-588.625
132.272,-588.625
132.272,-588.625
132.272,-588.625
132.272,-588.625
132.272,-588.625
132.272,-588.625
132.272,-588.625
132.272,-588.625
132.272,-588.625
132.272,-588.625
132.272,-588.625
132.272,-588.625
132.272,-588.625
132.272,-588.625
132.272,-588.625
132.272,-588.625
132.272,-588.625
132.272,-588.625
132.272,-588.625
132.272,-588.625
132.272,-588.625
132.272,-588.625
132.272,-588.625
132.272,-588.625
132.272,-588.625
132.272,-588.625
132.272,-588.625
132.272,-588.625
132.272,-588.625
132.272,-588.625
132.272,-588.625
132.272,-588.625
132.272,-588.625
132.272,-588.625
132.272,-588.625
132.272,-588.625
132.272,-588.625
132.272,-588.625
132.272,-588.625
132.272,-588.625
132.272,-588.625
132.272,-588.625
132.272,-588.625
132.272,-588.625
132.272,-588.625
132.272,-588.625
132.272,-588.625
132.272,-588.625
132.272,-588.625
132.272,-588.625
132.272,-588.625
132.272,-588.625
132.272,-588.625
132.272,-588.625
132.272,-588.625
132.272,-588.625
132.272,-588.625
132.272,-588.625
132.272,-588.625
132.272,-588.625
132.272,-588.625
132.272,-588.625
132.272,-588.625
132.272,-588.625
132.272,-588.625
132.272,-588.625
132.272,-588.625
132.272,-588.625
132.272,-588.625
132.272,-588.625
132.272,-588.625
132.272,-588.625
132.272,-588.625
132.272,-588.625
132.272,-588.625
132.272,-588.625
132.272,-588.625
132.272,-588.625
132.272,-588.625
132.272,-588.625
132.272,-588.625
132.272,-588.625
132.272,-588.625
132.272,-588.625
132.272,-588.625
132.272,-588.625
132.272,-588.625
132.272,-588.625
132.272,-588.625
132.272,-588.625
132.272,-588.625
131.93,-589.094
131.961,-589.052
131.961,-589.052
131.961,-589.052
131.961,-589.052
131.961,-589.052
131.961,-589.052
131.961,-589.052
131.961,-589.052
131.961,-589.052
131.961,-589.052
131.961,-589.052
131.961,-589.052
131.961,-589.052
131.961,-589.052
131.961,-589.052
131.961,-589.052
131.961,-589.052
131.961,-589.052
131.961,-589.052
131.961,-589.052
131.961,-589.052
131.961,-589.052
131.961,-589.052
131.961,-589.052
131.961,-589.052
131.961,-589.052
131.961,-589.052
131.961,-589.052
131.961,-589.052
131.961,-589.052
131.961,-589.052
131.961,-589.052
131.961,-589.052
131.961,-589.052
131.961,-589.052
131.961,-589.052
131.961,-589.052
131.961,-589.052
131.961,-589.052
131.961,-589.052
131.961,-589.052
131.961,-589.052
131.961,-589.052
131.961,-589.052
131.961,-589.052
131.961,-589.052
131.961,-589.052
131.961,-589.052
131.961,-589.052
131.961,-589.052
131.961,-589.052
131.961,-589.052
131.961,-589.052
131.961,-589.052
131.961,-589.052
131.961,-589.052
131.961,-589.052
131.961,-589.052
131.961,-589.052
131.961,-589.052
131.961,-589.052
131.961,-589.052
131.961,-589.052
131.961,-589.052
131.961,-589.052
131.961,-589.052
131.961,-589.052
131.961,-589.052
131.961,-589.052
131.961,-589.052
131.961,-589.052
131.961,-589.052
131.961,-589.052
131.961,-589.052
131.961,-589.052
131.961,-589.052
131.961,-589.052
131.961,-589.052
131.961,-589.052
131.961,-589.052
131.961,-589.052
131.961,-589.052
131.961,-589.052
131.961,-589.052
131.961,-589.052
131.961,-589.052
131.961,-589.052
131.961,-589.052
131.961,-589.052
131.961,-589.052
131.961,-589.052
131.961,-589.052
131.961,-589.052
131.961,-589.052
131.961,-589.052
131.961,-589.052
131.961,-589.052
131.961,-589.052
131.961,-589.052
131.961,-589.052
131.961,-589.052
131.961,-589.052
131.961,-589.052
131.961,-589.052
131.961,-589.052
131.961,-589.052
131.961,-589.052
131.961,-589.052
131.961,-589.052
131.961,-589.052
131.961,-589.052
131.961,-589.052
131.961,-589.052
131.961,-589.052
131.961,-589.052
131.961,-589.052
131.961,-589.052
131.961,-589.052
131.961,-589.052
131.454,-589.335
130.947,-589.618
130.44,-589.901
129.933,-590.184
129.426,-590.467
128.919,-590.75
128.412,-591.033
127.905,-591.316
127.398,-591.599
126.891,-591.882
126.384,-592.165
125.877,-592.448
125.37,-592.731
124.863,-593.014
124.356,-593.297
123.849,-593.58
123.342,-593.863
122.835,-594.146
122.328,-594.429
121.821,-594.712
121.314,-594.995
121.426,-594.932
121.426,-594.932
121.426,-594.932
121.426,-594.932
121.426,-594.932
121.426,-594.932
121.426,-594.932
121.426,-594.932
121.426,-594.932
121.426,-594.932
121.426,-594.932
121.426,-594.932
121.426,-594.932
121.426,-594.932
121.426,-594.932
121.426,-594.932
121.426,-594.932
121.426,-594.932
121.426,-594.932
121.426,-594.932
121.426,-594.932
121.426,-594.932
121.426,-594.932
121.426,-594.932
121.426,-594.932
121.426,-594.932
121.426,-594.932
121.426,-594.932
121.426,-594.932
121.426,-594.932
121.426,-594.932
121.426,-594.932
121.426,-594.932
121.426,-594.932
121.426,-594.932
121.426,-594.932
121.426,-594.932
121.426,-594.932
121.426,-594.932
121.426,-594.932
121.426,-594.932
121.426,-594.932
121.426,-594.932
121.426,-594.932
121.426,-594.932
121.426,-594.932
121.426,-594.932
121.426,-594.932
121.426,-594.932
121.426,-594.932
121.426,-594.932
121.426,-594.932
121.426,-594.932
121.426,-594.932
121.426,-594.932
121.426,-594.932
121.426,-594.932
121.426,-594.932
121.426,-594.932
121.426,-594.932
121.426,-594.932
121.426,-594.932
121.426,-594.932
121.426,-594.932
121.426,-594.932
121.426,-594.932
121.426,-594.932
121.426,-594.932
121.426,-594.932
121.426,-594.932
121.426,-594.932
121.426,-594.932
121.426,-594.932
121.426,-594.932
121.426,-594.932
121.426,-594.932
121.426,-594.932
121.426,-594.932
121.426,-594.932
121.426,-594.932
121.426,-594.932
121.426,-594.932
121.426,-594.932
121.426,-594.932
121.426,-594.932
121.426,-594.932
121.426,-594.932
121.426,-594.932
121.426,-594.932
121.426,-594.932
121.426,-594.932
121.426,-594.932
121.426,-594.932
121.426,-594.932
121.426,-594.932
121.426,-594.932
121.426,-594.932
121.426,-594.932
121.426,-594.932
121.426,-594.932
121.426,-594.932
121.426,-594.932
121.426,-594.932
121.426,-594.932
121.426,-594.932
121.426,-594.932
121.426,-594.932
121.426,-594.932
121.426,-594.932
121.426,-594.932
121.426,-594.932
121.426,-594.932
121.426,-594.932
121.426,-594.932
121.426,-594.932
121.426,-594.932
121.426,-594.932
121.426,-594.932
121.426,-594.932
121.426,-594.932
121.426,-594.932
121.426,-594.932
121.426,-594.932
121.426,-594.932
121.426,-594.932
121.426,-594.932
121.426,-594.932
121.426,-594.932
121.426,-594.932
121.426,-594.932
121.426,-594.932
121.426,-594.932
121.426,-594.932
121.426,-594.932
121.426,-594.932
121.426,-594.932
121.426,-594.932
121.426,-594.932
121.426,-594.932
121.426,-594.932
121.426,-594.932
121.426,-594.932
121.426,-594.932
121.426,-594.932
121.426,-594.932
121.426,-594.932
121.541,-594.363
121.657,-593.794
121.773,-593.225
121.888,-592.656
122.004,-592.087
122.119,-591.518
122.235,-590.949
122.351,-590.38
122.466,-589.811
122.582,-589.242
122.697,-588.673
122.813,-588.104
122.929,-587.535
123.044,-586.966
123.16,-586.397
123.275,-585.828
123.391,-585.259
123.507,-584.69
123.622,-584.12
123.738,-583.551
123.853,-582.982
123.969,-582.413
124.085,-581.844
124.2,-581.275
124.316,-580.706
124.431,-580.137
124.547,-579.568
124.663,-578.999
124.778,-578.43
124.894,-577.861
125.009,-577.292
125.125,-576.723
125.241,-576.154
125.356,-575.585
125.472,-575.016
125.588,-574.447
125.703,-573.878
125.819,-573.309
125.934,-572.74
126.05,-572.171
126.166,-571.602
126.281,-571.033
126.397,-570.464
126.512,-569.895
126.628,-569.326
126.744,-568.757
126.859,-568.188
126.975,-567.619
127.09,-567.05
127.206,-566.481
127.139,-566.808
127.139,-566.808
127.139,-566.808
127.139,-566.808
127.139,-566.808
127.139,-566.808
127.139,-566.808
127.139,-566.808
127.139,-566.808
127.139,-566.808
127.139,-566.808
127.139,-566.808
127.139,-566.808
127.139,-566.808
127.139,-566.808
127.139,-566.808
127.139,-566.808
127.139,-566.808
127.139,-566.808
127.139,-566.808
127.139,-566.808
127.139,-566.808
127.139,-566.808
127.139,-566.808
127.139,-566.808
127.139,-566.808
127.139,-566.808
127.139,-566.808
127.139,-566.808
127.139,-566.808
127.139,-566.808
127.139,-566.808
127.139,-566.808
127.139,-566.808
127.139,-566.808
127.139,-566.808
127.139,-566.808
127.139,-566.808
127.139,-566.808
127.139,-566.808
127.139,-566.808
127.139,-566.808
127.139,-566.808
127.139,-566.808
127.139,-566.808
127.139,-566.808
127.139,-566.808
127.139,-566.808
127.139,-566.808
127.139,-566.808
127.139,-566.808
127.139,-566.808
127.139,-566.808
127.139,-566.808
127.139,-566.808
127.139,-566.808
127.139,-566.808
127.139,-566.808
127.139,-566.808
127.139,-566.808
127.139,-566.808
127.139,-566.808
127.139,-566.808
127.139,-566.808
127.139,-566.808
127.139,-566.808
127.139,-566.808
127.139,-566.808
127.139,-566.808
127.139,-566.808
127.139,-566.808
127.139,-566.808
127.139,-566.808
127.139,-566.808
127.139,-566.808
127.139,-566.808
127.139,-566.808
127.139,-566.808
127.139,-566.808
127.139,-566.808
127.139,-566.808
127.139,-566.808
127.139,-566.808
127.139,-566.808
127.139,-566.808
127.139,-566.808
127.139,-566.808
127.139,-566.808
127.139,-566.808
127.139,-566.808
127.139,-566.808
127.139,-566.808
127.139,-566.808
127.139,-566.808
127.139,-566.808
127.139,-566.808
127.139,-566.808
127.139,-566.808
127.139,-566.808
127.139,-566.808
127.139,-566.808
127.139,-566.808
127.139,-566.808
127.139,-566.808
127.139,-566.808
127.139,-566.808
127.139,-566.808
127.139,-566.808
127.139,-566.808
127.139,-566.808
127.139,-566.808
127.139,-566.808
127.139,-566.808
127.139,-566.808
127.139,-566.808
127.139,-566.808
127.139,-566.808
127.139,-566.808
127.139,-566.808
127.139,-566.808
127.139,-566.808
127.139,-566.808
127.139,-566.808
127.139,-566.808
127.139,-566.808
127.139,-566.808
127.139,-566.808
127.139,-566.808
127.139,-566.808
127.139,-566.808
127.139,-566.808
127.139,-566.808
127.139,-566.808
127.139,-566.808
127.139,-566.808
127.139,-566.808
127.139,-566.808
127.139,-566.808
127.139,-566.808
127.139,-566.808
127.139,-566.808
127.139,-566.808
127.139,-566.808
127.139,-566.808
127.139,-566.808
127.139,-566.808
127.139,-566.808
127.139,-566.808
127.139,-566.808
127.139,-566.808
127.139,-566.808
127.139,-566.808
127.139,-566.808
127.139,-566.808
127.139,-566.808
127.139,-566.808
127.139,-566.808
127.139,-566.808
127.139,-566.808
127.139,-566.808
127.139,-566.808
127.139,-566.808
127.139,-566.808
127.139,-566.808
127.139,-566.808
127.139,-566.808
127.139,-566.808
127.139,-566.808
127.139,-566.808
127.139,-566.808
127.139,-566.808
127.139,-566.808
127.139,-566.808
127.139,-566.808
127.139,-566.808
127.139,-566.808
127.139,-566.808
127.139,-566.808
127.139,-566.808
127.139,-566.808
127.139,-566.808
127.139,-566.808
127.139,-566.808
127.139,-566.808
127.139,-566.808
127.139,-566.808
127.139,-566.808
127.139,-566.808
127.139,-566.808
126.592,-566.614
126.045,-566.42
125.497,-566.226
124.95,-566.033
124.403,-565.839
123.855,-565.645
123.308,-565.451
122.761,-565.257
122.213,-565.063
122.755,-565.255
122.755,-565.255
122.755,-565.255
122.755,-565.255
122.755,-565.255
122.755,-565.255
122.755,-565.255
122.755,-565.255
122.755,-565.255
122.755,-565.255
122.755,-565.255
122.755,-565.255
122.755,-565.255
122.755,-565.255
122.755,-565.255
122.755,-565.255
122.755,-565.255
122.755,-565.255
122.755,-565.255
122.755,-565.255
122.755,-565.255
122.755,-565.255
122.755,-565.255
122.755,-565.255
122.755,-565.255
122.755,-565.255
122.755,-565.255
122.755,-565.255
122.755,-565.255
122.755,-565.255
122.755,-565.255
122.755,-565.255
122.755,-565.255
122.755,-565.255
122.755,-565.255
122.755,-565.255
122.755,-565.255
122.755,-565.255
122.755,-565.255
122.755,-565.255
122.755,-565.255
122.755,-565.255
122.755,-565.255
122.755,-565.255
122.755,-565.255
122.755,-565.255
122.755,-565.255
122.755,-565.255
122.755,-565.255
122.755,-565.255
122.755,-565.255
122.755,-565.255
122.755,-565.255
122.755,-565.255
122.755,-565.255
122.755,-565.255
122.755,-565.255
122.755,-565.255
122.755,-565.255
122.755,-565.255
122.755,-565.255
122.755,-565.255
122.755,-565.255
122.755,-565.255
122.755,-565.255
122.755,-565.255
122.755,-565.255
122.755,-565.255
122.755,-565.255
122.755,-565.255
122.755,-565.255
122.755,-565.255
122.755,-565.255
122.755,-565.255
122.755,-565.255
122.755,-565.255
122.755,-565.255
122.755,-565.255
122.755,-565.255
122.755,-565.255
122.755,-565.255
122.755,-565.255
122.755,-565.255
122.755,-565.255
122.755,-565.255
122.755,-565.255
122.755,-565.255
122.755,-565.255
122.755,-565.255
122.755,-565.255
122.755,-565.255
122.755,-565.255
122.755,-565.255
122.755,-565.255
122.755,-565.255
122.755,-565.255
122.755,-565.255
122.755,-565.255
122.755,-565.255
122.755,-565.255
122.755,-565.255
122.755,-565.255
122.755,-565.255
122.755,-565.255
122.755,-565.255
122.755,-565.255
122.755,-565.255
122.755,-565.255
122.755,-565.255
122.755,-565.255
122.755,-565.255
122.755,-565.255
122.755,-565.255
122.755,-565.255
122.755,-565.255
122.755,-565.255
122.755,-565.255
122.755,-565.255
122.755,-565.255
122.755,-565.255
122.755,-565.255
122.755,-565.255
122.755,-565.255
122.755,-565.255
122.755,-565.255
122.755,-565.255
122.755,-565.255
122.755,-565.255
122.755,-565.255
122.755,-565.255
122.755,-565.255
122.755,-565.255
122.755,-565.255
122.755,-565.255
122.755,-565.255
122.755,-565.255
122.755,-565.255
122.755,-565.255
122.755,-565.255
122.755,-565.255
122.755,-565.255
122.755,-565.255
122.755,-565.255
122.415,-565.726
122.075,-566.196
121.735,-566.667
121.394,-567.137
121.054,-567.608
120.714,-568.078
120.373,-568.548
120.033,-569.019
119.693,-569.489
119.352,-569.96
119.012,-570.43
118.672,-570.901
118.332,-571.371
117.991,-571.842
117.651,-572.312
117.311,-572.783
116.97,-573.253
116.63,-573.724
116.29,-574.194
115.949,-574.664
115.609,-575.135
115.269,-575.605
114.929,-576.076
114.588,-576.546
114.248,-577.017
113.908,-577.487
113.567,-577.958
113.227,-578.428
112.887,-578.899
112.546,-579.369
112.206,-579.839
111.866,-580.31
111.526,-580.78
111.185,-581.251
110.845,-581.721
110.505,-582.192
110.164,-582.662
109.824,-583.133
109.484,-583.603
109.143,-584.074
108.803,-584.544
108.463,-585.015
108.123,-585.485
107.782,-585.955
107.442,-586.426
107.102,-586.896
106.761,-587.367
106.859,-587.233
106.859,-587.233
106.859,-587.233
106.859,-587.233
106.859,-587.233
106.859,-587.233
106.859,-587.233
106.859,-587.233
106.859,-587.233
106.859,-587.233
106.859,-587.233
106.859,-587.233
106.859,-587.233
106.859,-587.233
106.859,-587.233
106.859,-587.233
106.859,-587.233
106.859,-587.233
106.859,-587.233
106.859,-587.233
106.859,-587.233
106.859,-587.233
106.859,-587.233
106.859,-587.233
106.859,-587.233
106.859,-587.233
106.859,-587.233
106.859,-587.233
106.859,-587.233
106.859,-587.233
106.859,-587.233
106.859,-587.233
106.859,-587.233
106.859,-587.233
106.859,-587.233
106.859,-587.233
106.859,-587.233
106.859,-587.233
106.859,-587.233
106.859,-587.233
106.859,-587.233
106.859,-587.233
106.859,-587.233
106.859,-587.233
106.859,-587.233
106.859,-587.233
106.859,-587.233
106.859,-587.233
106.859,-587.233
106.859,-587.233
106.859,-587.233
106.859,-587.233
106.859,-587.233
106.859,-587.233
106.859,-587.233
106.859,-587.233
106.859,-587.233
106.859,-587.233
106.859,-587.233
106.859,-587.233
106.859,-587.233
106.859,-587.233
106.859,-587.233
106.859,-587.233
106.859,-587.233
106.859,-587.233
106.859,-587.233
106.859,-587.233
106.859,-587.233
106.859,-587.233
106.859,-587.233
106.859,-587.233
106.859,-587.233
106.859,-587.233
106.859,-587.233
106.859,-587.233
106.859,-587.233
106.859,-587.233
106.859,-587.233
106.859,-587.233
106.859,-587.233
106.859,-587.233
106.859,-587.233
106.859,-587.233
106.859,-587.233
106.859,-587.233
106.859,-587.233
106.859,-587.233
106.859,-587.233
106.859,-587.233
106.859,-587.233
106.859,-587.233
106.859,-587.233
106.859,-587.233
106.859,-587.233
106.859,-587.233
106.859,-587.233
106.859,-587.233
106.859,-587.233
106.859,-587.233
106.859,-587.233
106.859,-587.233
106.859,-587.233
106.859,-587.233
106.859,-587.233
106.859,-587.233
106.859,-587.233
106.859,-587.233
106.859,-587.233
106.859,-587.233
106.859,-587.233
106.859,-587.233
106.859,-587.233
106.859,-587.233
106.859,-587.233
106.859,-587.233
106.859,-587.233
106.859,-587.233
106.859,-587.233
106.859,-587.233
106.859,-587.233
106.859,-587.233
106.859,-587.233
106.859,-587.233
106.859,-587.233
106.859,-587.233
